S1	E1	S2	E2	Reference	Contig	IDY	Ambiguous	Best_group
1	2122	2122	1	ANC4422_fig_1219383.5.peg.2520	NODE_57_length_4055_cov_3.437750	94.77		True
translocation
1	475	2597	2123	ANC4422_fig_1219383.5.peg.2521	NODE_57_length_4055_cov_3.437750	96.09		True
translocation
1	248	2851	3098	ANC4422_fig_1219383.5.peg.2522	NODE_57_length_4055_cov_3.437750	93.6		True
translocation
1	296	3099	3394	ANC4422_fig_1219383.5.peg.2523	NODE_57_length_4055_cov_3.437750	92.91		True
CONTIG	NODE_57_length_4055_cov_3.437750	4055	misassembled
1884	2133	2009	1760	ANC4422_fig_1219383.5.peg.2159	NODE_97_length_2009_cov_3.300409	94.4		True
CONTIG	NODE_97_length_2009_cov_3.300409	2009	correct_unaligned
727	942	856	1071	ANC4422_fig_1219383.5.peg.2518	NODE_152_length_1644_cov_1.880428	95.83		True
CONTIG	NODE_152_length_1644_cov_1.880428	1644	correct_unaligned
418	831	1	414	ANC4422_fig_1219383.5.peg.1997	NODE_510_length_916_cov_2.651568	99.03		True
translocation
1	489	428	916	ANC4422_fig_1219383.5.peg.1996	NODE_510_length_916_cov_2.651568	98.16		True
CONTIG	NODE_510_length_916_cov_2.651568	916	misassembled
1148	1964	817	1	ANC4422_fig_1219383.5.peg.1996	NODE_654_length_817_cov_2.132546	94.98		True
CONTIG	NODE_654_length_817_cov_2.132546	817	correct
498	1136	1	639	ANC4422_fig_1219383.5.peg.1996	NODE_1086_length_639_cov_2.292808	97.34		True
CONTIG	NODE_1086_length_639_cov_2.292808	639	correct
1444	1602	579	421	ANC4422_fig_1219383.5.peg.2001	NODE_1307_length_583_cov_1.020833	96.23		True
CONTIG	NODE_1307_length_583_cov_1.020833	583	correct
