S1	E1	S2	E2	Reference	Contig	IDY	Ambiguous	Best_group
93961	95207	1	1247	EC24_NZ_VTDO01000006.1	NODE_255_length_1247_cov_1.759228	99.68		True
CONTIG	NODE_255_length_1247_cov_1.759228	1247	correct
98169	98917	1	750	EC24_NZ_VTDO01000006.1	NODE_776_length_750_cov_1.929496	99.33		True
CONTIG	NODE_776_length_750_cov_1.929496	750	correct
111789	112534	746	1	EC24_NZ_VTDO01000006.1	NODE_791_length_746_cov_1.887120	98.39		True
CONTIG	NODE_791_length_746_cov_1.887120	746	correct
100541	101168	630	3	EC24_NZ_VTDO01000006.1	NODE_1122_length_630_cov_2.523478	97.61		True
CONTIG	NODE_1122_length_630_cov_2.523478	630	correct
103772	104376	605	1	EC24_NZ_VTDO01000006.1	NODE_1236_length_605_cov_1.527273	99.5		True
CONTIG	NODE_1236_length_605_cov_1.527273	605	correct
114060	114630	1	571	EC24_NZ_VTDO01000006.1	NODE_1364_length_571_cov_0.967054	98.42		True
CONTIG	NODE_1364_length_571_cov_0.967054	571	correct
97419	97981	558	1	EC24_NZ_VTDO01000006.1	NODE_1420_length_558_cov_1.447316	95.75		True
CONTIG	NODE_1420_length_558_cov_1.447316	558	correct
236717	237679	963	1	EC24_NZ_VTDO01000004.1	NODE_456_length_963_cov_1.655286	99.48		True
CONTIG	NODE_456_length_963_cov_1.655286	963	correct
256197	256831	1	635	EC24_NZ_VTDO01000004.1	NODE_1101_length_635_cov_1.058621	99.37		True
CONTIG	NODE_1101_length_635_cov_1.058621	635	correct
452259	452909	651	1	EC24_NZ_VTDO01000001.1	NODE_1040_length_651_cov_0.961409	99.54		True
CONTIG	NODE_1040_length_651_cov_0.961409	651	correct
468576	469074	1	499	EC24_NZ_VTDO01000001.1	NODE_1701_length_504_cov_2.926503	95.59		True
CONTIG	NODE_1701_length_504_cov_2.926503	504	correct
