S1	E1	S2	E2	Reference	Contig	IDY	Ambiguous	Best_group
200	801	602	1	B5B_NZ_VTDL01000048.1	NODE_57_length_4055_cov_3.437750	96.88		True
indel: indel (> 5bp) [linear representation of circular genome]
6393	8499	2709	603	B5B_NZ_VTDL01000048.1	NODE_57_length_4055_cov_3.437750	95.49		True
CONTIG	NODE_57_length_4055_cov_3.437750	4055	correct
2464	3081	622	5	B5B_NZ_VTDL01000041.1	NODE_288_length_1181_cov_2.444050	92.23		True
CONTIG	NODE_288_length_1181_cov_2.444050	1181	correct
4776	5787	1040	14	B5B_NZ_VTDL01000045.1	NODE_377_length_1040_cov_1.648731	94.16		True
CONTIG	NODE_377_length_1040_cov_1.648731	1040	correct
7760	8650	891	1	B5B_NZ_VTDL01000037.1	NODE_452_length_964_cov_3.204620	97.31		True
CONTIG	NODE_452_length_964_cov_3.204620	964	correct
27915	28618	704	1	B5B_NZ_VTDL01000027.1	NODE_901_length_704_cov_2.711864	97.87		True
CONTIG	NODE_901_length_704_cov_2.711864	704	correct
38127	38218	220	313	B5B_NZ_VTDL01000027.1	NODE_1220_length_610_cov_0.935135	96.81		True
local misassembly
38453	38735	326	610	B5B_NZ_VTDL01000027.1	NODE_1220_length_610_cov_0.935135	92.28		True
CONTIG	NODE_1220_length_610_cov_0.935135	610	correct
